运营,运营
开发,技术
运营负责人,组长
产品总监,总监
市场总监,总监
数据分析师,技术
产品推广人,产品
技术负责人,组长
技术,技术
推广,市场
产品和技术负责人,组长
产品负责人,组长
技术总监,总监
CTO,总裁
nan,其他
产品/项目经理,经理
负责人,组长
总监,总监
数据负责人,组长
CEO,总裁
经理,经理
数据,其他
市场,市场
高级产品经理,经理
产品,产品
PM,组长
运营部团队经理,经理
zhangxiaotong@ceair.com,其他
开发负责人,组长
TL,组长
副总裁,总裁
产品运营,产品
总裁助理,总裁
是负责移动端推广的,市场
技术开发,技术
搜索项目负责人,组长
公司负责人,组长
产品经理,经理
主管,组长
总经理,总裁
运营技术,运营
科员,技术
测试部门,其他
采购,其他
产品和运营负责人,组长
公众号负责人,组长
联合创始人,总裁
总裁,总裁
产品vp,总裁
行政总监,总监
运营经理,经理
经理（待确认）,经理
项目经理,经理
部门总经理,总裁
.,其他
2012实验室,其他
数据产品经理,经理
产品/运营,产品
COO,总裁
运营总监,总监
产品和推广负责人,组长
产品，运营,产品
Team Leader,组长
运维经理,经理
执行董事,总裁
产品运营经理,经理
互联网+信科总经理,总裁
北京研发中心负责人,组长
研发,技术
数据营销经理,经理
副总裁 VP,总裁
商务,商务
副总经理,总裁
移动端产品总监,总监
增长部门,其他
电商,其他
设计,其他
采购总监,总监
数据分析部,其他
数据科学家,总监
产品和运营的负责人,组长
广告推广,市场
推广部,市场
产品研发负责人,组长
数据部,其他
交互设计师,技术
pm,组长
研发部，是公司老板,总裁
大数据部,其他
设计部,其他
CTO/董事,总裁
科长,经理
技术部,技术
数据产品,产品
测试,其他
ab执行人,运营
整车事业部副总经理,总裁
用户增长产品经理,经理
平台运营部长,经理
电商负责人,组长
leader,组长
数据分析负责人,组长
商务经理,经理
高级工程师,技术
渠道总监,总监
市场运营,运营
CXO,总裁
电商运营经理,经理
数据总监,总监
Manager,经理
品牌广告部,其他
副总,总裁
开放平台事业线副总裁,总裁
移动产品负责人,组长
产品研发总经理,总裁
负责线上运营,运营
服装网站负责人,组长
未知,其他
投放,其他
监事,总监
测试主管,组长
APP营销总监,总监
待确认,其他
IT经理,经理
互联网金融部总监,总监
架构师,技术
***,其他
cto,总裁
数据挖掘工程师,技术
ab测试负责人,组长
市场营销部负责人,组长
高级Android开发工程师,技术
AM,运营
产品技术总监,总监
大数据负责人,组长
采购部,其他
销售运营副总裁,总裁
运营VP,总裁
架构经理,经理
组长,组长
IT,技术
业务总监,总监
创新技术研发经理,经理
测试工程师,技术
技术产品总监,总监
产品技术合伙人,总裁
技术研发,技术